-- phpMyAdmin SQL Dump
-- version 5.2.1
-- https://www.phpmyadmin.net/
--
-- Host: 127.0.0.1
-- Generation Time: May 07, 2025 at 02:02 PM
-- Server version: 10.4.32-MariaDB
-- PHP Version: 8.2.12

SET SQL_MODE = "NO_AUTO_VALUE_ON_ZERO";
START TRANSACTION;
SET time_zone = "+00:00";


/*!40101 SET @OLD_CHARACTER_SET_CLIENT=@@CHARACTER_SET_CLIENT */;
/*!40101 SET @OLD_CHARACTER_SET_RESULTS=@@CHARACTER_SET_RESULTS */;
/*!40101 SET @OLD_COLLATION_CONNECTION=@@COLLATION_CONNECTION */;
/*!40101 SET NAMES utf8mb4 */;

--
-- Database: `attendance_system`
--

-- --------------------------------------------------------

--
-- Table structure for table `assignments`
--

CREATE TABLE `assignments` (
  `id` int(11) NOT NULL,
  `student_id` int(11) NOT NULL,
  `subject_id` int(11) NOT NULL,
  `file_path` varchar(255) NOT NULL,
  `upload_date` timestamp NOT NULL DEFAULT current_timestamp()
) ENGINE=InnoDB DEFAULT CHARSET=utf8mb4 COLLATE=utf8mb4_general_ci;

-- --------------------------------------------------------

--
-- Table structure for table `attendance`
--

CREATE TABLE `attendance` (
  `id` int(11) NOT NULL,
  `student_id` int(11) NOT NULL,
  `subject_id` int(11) NOT NULL,
  `attendance_date` date NOT NULL,
  `status` enum('present','absent','late') NOT NULL
) ENGINE=InnoDB DEFAULT CHARSET=utf8mb4 COLLATE=utf8mb4_general_ci;

--
-- Dumping data for table `attendance`
--

INSERT INTO `attendance` (`id`, `student_id`, `subject_id`, `attendance_date`, `status`) VALUES
(1, 2, 4, '2025-04-14', 'present'),
(2, 2, 2, '2025-04-18', 'present');

-- --------------------------------------------------------

--
-- Table structure for table `class_schedule`
--

CREATE TABLE `class_schedule` (
  `id` int(11) NOT NULL,
  `class_title` varchar(255) NOT NULL,
  `subject_id` int(11) NOT NULL,
  `teacher_id` int(11) NOT NULL,
  `class_date` date NOT NULL,
  `start_time` time NOT NULL,
  `end_time` time NOT NULL,
  `created_at` timestamp NOT NULL DEFAULT current_timestamp()
) ENGINE=InnoDB DEFAULT CHARSET=utf8mb4 COLLATE=utf8mb4_general_ci;

--

-- --------------------------------------------------------

--
-- Table structure for table `courses`
--

CREATE TABLE `courses` (
  `id` int(11) NOT NULL,
  `course_name` varchar(255) NOT NULL
) ENGINE=InnoDB DEFAULT CHARSET=utf8mb4 COLLATE=utf8mb4_general_ci;

--
-- Dumping data for table `courses`
--

INSERT INTO `courses` (`id`, `course_name`) VALUES
(1, 'BBA'),
(2, 'BCA'),
(3, 'MBA'),
(4, 'MCA');

-- --------------------------------------------------------

--
-- Table structure for table `registration_codes`
--

CREATE TABLE `registration_codes` (
  `id` int(11) NOT NULL,
  `code` varchar(255) NOT NULL,
  `role` enum('student','teacher','admin') NOT NULL,
  `used` tinyint(1) DEFAULT 0
) ENGINE=InnoDB DEFAULT CHARSET=utf8mb4 COLLATE=utf8mb4_general_ci;

--
-- Dumping data for table `registration_codes`
--

INSERT INTO `registration_codes` (`id`, `code`, `role`, `used`) VALUES
(1, '6CF67538', 'teacher', 0),
(2, '9D0C6933', 'teacher', 0),
(3, 'BB25B42B', 'admin', 0),
(4, '8075F219', 'admin', 0),
(5, 'B581A21C', 'student', 0);

-- --------------------------------------------------------

--
-- Table structure for table `student_subjects`
--

CREATE TABLE `student_subjects` (
  `id` int(11) NOT NULL,
  `student_id` int(11) NOT NULL,
  `subject_id` int(11) NOT NULL
) ENGINE=InnoDB DEFAULT CHARSET=utf8mb4 COLLATE=utf8mb4_general_ci;

--
-- Dumping data for table `student_subjects`
--

INSERT INTO `student_subjects` (`id`, `student_id`, `subject_id`) VALUES
(1, 2, 2),
(2, 2, 3),
(3, 2, 4),
(4, 2, 5);

-- --------------------------------------------------------

--
-- Table structure for table `subjects`
--

CREATE TABLE `subjects` (
  `id` int(11) NOT NULL,
  `subject_name` varchar(255) NOT NULL,
  `teacher_id` int(11) NOT NULL,
  `course_id` int(11) NOT NULL
) ENGINE=InnoDB DEFAULT CHARSET=utf8mb4 COLLATE=utf8mb4_general_ci;

--
-- Dumping data for table `subjects`
--

INSERT INTO `subjects` (`id`, `subject_name`, `teacher_id`, `course_id`) VALUES
(1, 'Digital Marketing', 1, 3),
(2, 'Data Structure', 1, 4),
(3, 'Python', 1, 4),
(4, 'Digital Marketing', 1, 4),
(5, 'Internet of Things ', 1, 4),
(6, 'Digital Marketing', 1, 1);

-- --------------------------------------------------------

--
-- Table structure for table `teacher_subjects`
--

CREATE TABLE `teacher_subjects` (
  `id` int(11) NOT NULL,
  `teacher_id` int(11) DEFAULT NULL,
  `subject_id` int(11) DEFAULT NULL,
  `course_id` int(11) DEFAULT NULL
) ENGINE=InnoDB DEFAULT CHARSET=utf8mb4 COLLATE=utf8mb4_general_ci;

--
-- Dumping data for table `teacher_subjects`
--

INSERT INTO `teacher_subjects` (`id`, `teacher_id`, `subject_id`, `course_id`) VALUES
(1, 1, 1, 3),
(2, 1, 2, 4),
(3, 1, 3, 4),
(4, 1, 4, 4),
(5, 1, 5, 4);

-- --------------------------------------------------------

--
-- Table structure for table `users`
--

CREATE TABLE `users` (
  `id` int(11) NOT NULL,
  `name` varchar(255) NOT NULL,
  `email` varchar(255) NOT NULL,
  `password` varchar(255) NOT NULL,
  `role` enum('admin','teacher','student') NOT NULL,
  `course_id` int(11) DEFAULT NULL
) ;

--
-- Dumping data for table `users`
--

INSERT INTO `users` (`id`, `name`, `email`, `password`, `role`, `course_id`) VALUES
(1, 'ABC', 'ABC@gmail.com', '$2y$10$4tdSXkxlpV7EaA/6HXKiZelFh2x1nL8KEhDNJP43a86WAstC22KXK', 'teacher', NULL),
(2, 'XYZ', 'XYZ@gmail.com', '$2y$10$jRoOInTWd48VvbH85AjZd.bX0sSoikEyA/TCaZhsnLvzQQSEWJ3xu', 'student', 4),
(3, 'QRS', 'QRS@gmail.com', '$2y$10$g6r53Q65VbzRfTHWdpl3QuQugT9faBLhaQ9T1tqIEEJ5AG.FdB5L.', 'admin', NULL);

--
-- Indexes for dumped tables
--

--
-- Indexes for table `assignments`
--
ALTER TABLE `assignments`
  ADD PRIMARY KEY (`id`),
  ADD KEY `student_id` (`student_id`),
  ADD KEY `subject_id` (`subject_id`);

--
-- Indexes for table `attendance`
--
ALTER TABLE `attendance`
  ADD PRIMARY KEY (`id`),
  ADD KEY `student_id` (`student_id`),
  ADD KEY `subject_id` (`subject_id`);

--
-- Indexes for table `class_schedule`
--
ALTER TABLE `class_schedule`
  ADD PRIMARY KEY (`id`),
  ADD KEY `subject_id` (`subject_id`),
  ADD KEY `teacher_id` (`teacher_id`);

--
-- Indexes for table `courses`
--
ALTER TABLE `courses`
  ADD PRIMARY KEY (`id`),
  ADD UNIQUE KEY `course_name` (`course_name`);

--
-- Indexes for table `registration_codes`
--
ALTER TABLE `registration_codes`
  ADD PRIMARY KEY (`id`),
  ADD UNIQUE KEY `code` (`code`);

--
-- Indexes for table `student_subjects`
--
ALTER TABLE `student_subjects`
  ADD PRIMARY KEY (`id`),
  ADD KEY `student_id` (`student_id`),
  ADD KEY `subject_id` (`subject_id`);

--
-- Indexes for table `subjects`
--
ALTER TABLE `subjects`
  ADD PRIMARY KEY (`id`),
  ADD KEY `teacher_id` (`teacher_id`),
  ADD KEY `course_id` (`course_id`);

--
-- Indexes for table `teacher_subjects`
--
ALTER TABLE `teacher_subjects`
  ADD PRIMARY KEY (`id`),
  ADD KEY `teacher_id` (`teacher_id`),
  ADD KEY `subject_id` (`subject_id`),
  ADD KEY `course_id` (`course_id`);

--
-- Indexes for table `users`
--
ALTER TABLE `users`
  ADD PRIMARY KEY (`id`),
  ADD UNIQUE KEY `email` (`email`),
  ADD KEY `course_id` (`course_id`);

--
-- AUTO_INCREMENT for dumped tables
--

--
-- AUTO_INCREMENT for table `assignments`
--
ALTER TABLE `assignments`
  MODIFY `id` int(11) NOT NULL AUTO_INCREMENT;

--
-- AUTO_INCREMENT for table `attendance`
--
ALTER TABLE `attendance`
  MODIFY `id` int(11) NOT NULL AUTO_INCREMENT, AUTO_INCREMENT=3;

--
-- AUTO_INCREMENT for table `class_schedule`
--
ALTER TABLE `class_schedule`
  MODIFY `id` int(11) NOT NULL AUTO_INCREMENT;

--
-- AUTO_INCREMENT for table `courses`
--
ALTER TABLE `courses`
  MODIFY `id` int(11) NOT NULL AUTO_INCREMENT, AUTO_INCREMENT=5;

--
-- AUTO_INCREMENT for table `registration_codes`
--
ALTER TABLE `registration_codes`
  MODIFY `id` int(11) NOT NULL AUTO_INCREMENT, AUTO_INCREMENT=6;

--
-- AUTO_INCREMENT for table `student_subjects`
--
ALTER TABLE `student_subjects`
  MODIFY `id` int(11) NOT NULL AUTO_INCREMENT, AUTO_INCREMENT=5;

--
-- AUTO_INCREMENT for table `subjects`
--
ALTER TABLE `subjects`
  MODIFY `id` int(11) NOT NULL AUTO_INCREMENT, AUTO_INCREMENT=7;

--
-- AUTO_INCREMENT for table `teacher_subjects`
--
ALTER TABLE `teacher_subjects`
  MODIFY `id` int(11) NOT NULL AUTO_INCREMENT, AUTO_INCREMENT=6;

--
-- AUTO_INCREMENT for table `users`
--
ALTER TABLE `users`
  MODIFY `id` int(11) NOT NULL AUTO_INCREMENT;

--
-- Constraints for dumped tables
--

--
-- Constraints for table `assignments`
--
ALTER TABLE `assignments`
  ADD CONSTRAINT `assignments_ibfk_1` FOREIGN KEY (`student_id`) REFERENCES `users` (`id`) ON DELETE CASCADE,
  ADD CONSTRAINT `assignments_ibfk_2` FOREIGN KEY (`subject_id`) REFERENCES `subjects` (`id`) ON DELETE CASCADE;

--
-- Constraints for table `attendance`
--
ALTER TABLE `attendance`
  ADD CONSTRAINT `attendance_ibfk_1` FOREIGN KEY (`student_id`) REFERENCES `users` (`id`) ON DELETE CASCADE,
  ADD CONSTRAINT `attendance_ibfk_2` FOREIGN KEY (`subject_id`) REFERENCES `subjects` (`id`) ON DELETE CASCADE;

--
-- Constraints for table `class_schedule`
--
ALTER TABLE `class_schedule`
  ADD CONSTRAINT `class_schedule_ibfk_1` FOREIGN KEY (`subject_id`) REFERENCES `subjects` (`id`) ON DELETE CASCADE,
  ADD CONSTRAINT `class_schedule_ibfk_2` FOREIGN KEY (`teacher_id`) REFERENCES `users` (`id`) ON DELETE CASCADE;

--
-- Constraints for table `student_subjects`
--
ALTER TABLE `student_subjects`
  ADD CONSTRAINT `student_subjects_ibfk_1` FOREIGN KEY (`student_id`) REFERENCES `users` (`id`) ON DELETE CASCADE,
  ADD CONSTRAINT `student_subjects_ibfk_2` FOREIGN KEY (`subject_id`) REFERENCES `subjects` (`id`) ON DELETE CASCADE;

--
-- Constraints for table `subjects`
--
ALTER TABLE `subjects`
  ADD CONSTRAINT `subjects_ibfk_1` FOREIGN KEY (`teacher_id`) REFERENCES `users` (`id`) ON DELETE CASCADE,
  ADD CONSTRAINT `subjects_ibfk_2` FOREIGN KEY (`course_id`) REFERENCES `courses` (`id`) ON DELETE CASCADE;

--
-- Constraints for table `teacher_subjects`
--
ALTER TABLE `teacher_subjects`
  ADD CONSTRAINT `teacher_subjects_ibfk_1` FOREIGN KEY (`teacher_id`) REFERENCES `users` (`id`) ON DELETE CASCADE,
  ADD CONSTRAINT `teacher_subjects_ibfk_2` FOREIGN KEY (`subject_id`) REFERENCES `subjects` (`id`) ON DELETE CASCADE,
  ADD CONSTRAINT `teacher_subjects_ibfk_3` FOREIGN KEY (`course_id`) REFERENCES `courses` (`id`) ON DELETE CASCADE;

--
-- Constraints for table `users`
--
ALTER TABLE `users`
  ADD CONSTRAINT `users_ibfk_1` FOREIGN KEY (`course_id`) REFERENCES `courses` (`id`) ON DELETE SET NULL;
COMMIT;

/*!40101 SET CHARACTER_SET_CLIENT=@OLD_CHARACTER_SET_CLIENT */;
/*!40101 SET CHARACTER_SET_RESULTS=@OLD_CHARACTER_SET_RESULTS */;
/*!40101 SET COLLATION_CONNECTION=@OLD_COLLATION_CONNECTION */;
